<?xml version="1.0" encoding="UTF-8"?>
<project-private xmlns="http://www.netbeans.org/ns/project-private/1">
    <editor-bookmarks xmlns="http://www.netbeans.org/ns/editor-bookmarks/2" lastBookmarkId="0"/>
    <open-files xmlns="http://www.netbeans.org/ns/projectui-open-files/2">
        <group>
            <file>file:/Users/diegojp/Documents/ProyectosGitJavaProgramacion/FuncionesBI2/src/funcionesbi2/Ejer3.java</file>
            <file>file:/Users/diegojp/Documents/ProyectosGitJavaProgramacion/FuncionesBI2/src/funcionesbi2/Funcion5.java</file>
            <file>file:/Users/diegojp/Documents/ProyectosGitJavaProgramacion/FuncionesBI2/src/funcionesbi2/Ejercs3.java</file>
            <file>file:/Users/diegojp/Documents/ProyectosGitJavaProgramacion/FuncionesBI2/src/funcionesbi2/Ejer2.java</file>
        </group>
    </open-files>
</project-private>
